backbone,decoder,encoder,adapter,dataset_name,device,task_name,metric,result,backbone memory(MB),decoder memory(MB),train time(ms),train mem peak(MB),train energy(mJ),inference time(ms),inference mem peak(MB),inference energy(mJ)
chronos-t5-tiny,mlp_chronostiny_class,,,ecg5000,cuda:0,ecg classification,accuracy,0.8271111111111111,16.789504,16.92416,56956.140625,489.074176,3308.098,3.871072354475657,50.43302388622222,0.0835888888888889
chronos-t5-tiny,mlp_chronostiny_class,,,ecg5000,cuda:0,ecg classification,accuracy,0.8271111111111111,16.789504,16.92416,56856.8203125,489.074176,3297.175,3.866804323143429,50.43302388622222,0.11517577777777778
chronos-t5-tiny,mlp_chronostiny_class,,,ecg5000,cuda:0,ecg classification,accuracy,0.8271111111111111,16.789504,16.92416,56663.7578125,489.074176,3294.103,3.8725293362405564,50.43302388622222,0.09239844444444445
chronos-t5-tiny,mlp_chronostiny_class,,,ecg5000,cuda:0,ecg classification,accuracy,0.8271111111111111,16.789504,16.92416,56663.7578125,489.074176,3294.103,3.9263383932643467,41.77868788622222,0.0779611111111111
papagei_s,mlp_papageis_regression,,,PPG-data,cuda:0,Diastolic BP prediction,mae,9.845665908441312,23.242752,23.506432,14208.998046875,612.168192,752.25,8.820641599050383,98.23150829268293,0.3202926829268293
papagei_p,mlp_papageip_regression,,,PPG-data,cuda:0,Diastolic BP prediction,mae,9.506168086354325,37.107712,37.371392,12072.8349609375,609.022464,686.959,5.520543214751453,94.27067629268294,0.236390243902439
papagei_s_svri,mlp_papageissvri_regression,,,PPG-data,cuda:0,Diastolic BP prediction,mae,10.891665947146532,37.107712,37.371392,12079.63671875,609.022464,701.622,5.537194903303937,94.27067629268294,0.31626829268292683
papageissvri,mlp_papageissvri_regression,,,PPG-data,cuda:0,diasbp,mae,10.891665947146532,20.068352,20.332032,12454.369140625,608.993792,706.326,6.318720003453697,95.05710829268293,0.2573658536585366
papagei_s_svri,mlp,,,PPG-data,cuda:0,diasbp,mae,10.891665947146532,20.068352,0.2636800000000008,12454.369140625,608.993792,706.326,11.420212931749298,45.05689912195122,0.4371219512195122
papageissvri,mlp,,,PPG-data,cuda:0,diasbp,mae,10.891665947146532,20.068352,0.2636800000000008,12454.369140625,608.993792,706.326,11.226927559550216,45.05689912195122,0.3578536585365854
papageissvri,mlp,,,PPG-data,cuda:0,diasbp,mae,10.891665947146532,20.068352,0.2636800000000008,12454.369140625,608.993792,706.326,11.292077913516906,45.05689912195122,0.43846341463414634
chronostiny,mlp,,,ecg5000,cuda:0,ecg classification,accuracy,0.8271111111111111,16.789504,0.13465599999999966,56663.7578125,489.074176,3294.103,3.9553970607121784,24.854527886222222,0.06140577777777778
chronostiny,mlp,,,ecg5000,cuda:0,ecg classification,accuracy,0.8271111111111111,16.789504,0.13465599999999966,56669.9296875,489.074176,3314.277,3.859962324195438,33.50886388622222,0.07334133333333334
momentsmall,mlp,,,ecg5000,cuda:0,ecg classification,accuracy,0.9257777777777778,151.835648,0.26572799999999575,43437.78515625,229.763072,2563.407,4.80060551876492,18.988031886222217,0.29644088888888886
chronostiny,mlp,,,ecg5000,cuda:0,ecg classification,accuracy,0.8271111111111111,33.828864,0.13465599999999966,56632.31640625,489.074176,3303.802,3.9420071257485283,16.46950388622222,0.04967244444444444
chronostiny,mlp,,,ecg5000,cuda:0,ecgclass,accuracy,0.8271111111111111,16.789504,0.13465599999999966,56975.171875,489.074176,3270.396,3.904384255727132,33.50886388622222,0.15626444444444446
momentsmall,mlp,,,ecg5000,cuda:0,ecgclass,accuracy,0.9257777777777778,151.835648,0.26572799999999575,43034.69921875,229.763072,2518.042,4.819195479393005,18.988031886222217,0.2929542222222222
chronostiny,mlp,,,ecg5000,cuda:0,ecgclass,accuracy,0.8271111111111111,16.789504,0.13465599999999966,56781.87109375,489.074176,3279.857,3.899164216571384,33.50886388622222,0.12436533333333334
momentsmall,mlp,,,ecg5000,cuda:0,ecgclass,accuracy,0.9257777777777778,151.835648,0.26572799999999575,15539.208984375,224.520192,2278.629,5.2114378347396855,18.988031886222217,0.6405137777777778
chronostiny,mlp,,,ecg5000,cuda:0,ecgclass,accuracy,0.824,16.789504,0.13465599999999966,10927.8642578125,489.074176,2014.412,3.433760675960117,33.50886388622222,0.5614793333333333
momentsmall,mlp,,,ecg5000,NVIDIA A100-SXM4-80GB,ecgclass,accuracy,0.9257777777777778,151.835648,0.26572799999999575,9771.017578125,224.520192,1888.273,5.2688880711661445,18.988031886222217,0.6385888888888889
chronostiny,mlp,,,ecg5000,NVIDIA A100-SXM4-80GB,ecgclass,accuracy,0.824,16.789504,0.13465599999999966,10787.1083984375,489.074176,1993.816,3.415927503373888,33.50886388622222,0.5247926666666667
momentsmall,mlp,linear,,PPG-data,NVIDIA A100-SXM4-80GB,diasbp,mae,10.232524406619188,151.835648,0.2636800000000221,9022.509765625,1774.991872,2297.055,6.503073552759682,112.22626653658534,0.9917317073170732
momentsmall,mlp,linear,,PPG-data,NVIDIA A100-SXM4-80GB,diasbp,mae,10.232524406619188,151.835648,0.2636800000000221,8709.064453125,1774.991872,2285.62,6.507990616123851,112.22626653658534,1.4406097560975608
momentsmall,mlp,linear,,PPG-data,NVIDIA A100-SXM4-80GB,diasbp,mae,10.232524406619188,151.835648,0.2636800000000221,8719.076171875,1774.991872,2272.659,6.516849110766155,112.22626653658534,0.9934634146341463
momentsmall,mlp,linear,lora,PPG-data,NVIDIA A100-SXM4-80GB,diasbp,mae,9.7153632931593,151.835648,9.113088000000005,8970.697265625,1838.063616,2367.613,7.254108091680015,110.4664725853658,1.2101341463414634
momentsmall,mlp,linear,,PPG-data,NVIDIA GeForce RTX 3090 Ti,diasbp,mae,56.046958807038095,151.835648,0.2636800000000221,551.9871826171875,1774.991872,135.595,3.2226208593787216,112.22780253658533,0.5523414634146342
momentsmall,mlp,linear,,PPG-data,NVIDIA GeForce RTX 3090 Ti,diasbp,mae,56.046958807038095,151.835648,0.2636800000000221,452.274169921875,1774.991872,129.83,3.270311814982717,112.22780253658533,0.5559512195121952
momentsmall,mlp,linear,,PPG-data,NVIDIA GeForce RTX 3090 Ti,diasbp,mae,56.046958807038095,151.835648,0.2636800000000221,460.368896484375,1774.991872,138.11,3.1807289821345632,112.22780253658533,0.07309756097560975
momentsmall,mlp,linear,,PPG-data,Tesla V100-SXM2-32GB,diasbp,mae,9.87335037603611,151.835648,0.2636800000000221,12068.6796875,1774.991872,2268.169,101.51185521846864,103.31337053658535,6.807073170731707
momentsmall,mlp,linear,lora,PPG-data,Tesla V100-SXM2-32GB,diasbp,mae,45.360668461497234,151.835648,4.655872000000016,10901.62939453125,1838.063616,2329.3335,56.8222932234043,104.04394458536584,3.95259756097561
momentsmall,mlp,linear,,PPG-data,Tesla V100-SXM2-32GB,diasbp,mae,9.87335037603611,151.835648,0.2636800000000221,12068.6796875,1774.991872,2268.169,14.651922877241926,103.31337053658535,1.1964146341463415
momentsmall,mlp,linear,lora,PPG-data,Tesla V100-SXM2-32GB,diasbp,mae,45.360668461497234,151.835648,4.655872000000016,10901.62939453125,1838.063616,2329.3335,13.394081639080513,104.04394458536584,1.1458170731707316
momentsmall,mlp,linear,,PPG-data,NVIDIA GeForce RTX 3090 Ti,diasbp,mae,56.046958807038095,151.835648,0.2636800000000221,472.9388427734375,1774.991872,154.894,3.247781474415849,112.22780253658533,0.06804878048780488
dinobase,linear,,,EuroSAT,Tesla V100-PCIE-16GB,eurosat_imgclass,accuracy,0.9640740740740741,347.122688,0.031232000000045446,,,,139.55403016034293,5526.6627102117645,31.757470588235293
maebase,linear,,,EuroSAT,Tesla V100-PCIE-16GB,eurosat_imgclass,accuracy,0.947037037037037,343.194624,0.031232000000045446,,,,37.05396008211024,1009.7057792,5.410070588235294
swinsmall,linear,,,EuroSAT,Tesla V100-PCIE-16GB,eurosat_imgclass,accuracy,0.965925925925926,196.742656,0.031231999999988602,,,,93.97354000315947,5435.235978541177,17.343129411764703
chronostiny,mlp,,,PPG-data,NVIDIA A16,diasbp,mae,9.575244903564453,16.789504,-16.656896,41035.4453125,1399.793664,2377.897,16.935254445890102,42.72427707317073,0.8911463414634146
chronostiny,mlp,,,PPG-data,NVIDIA A16,diasbp,mae,9.575244903564453,16.789504,0.132608,41035.4453125,1399.793664,2377.897,14.265455455314822,42.85688507317073,0.8352439024390244
momentsmall,mlp,,,PPG-data,NVIDIA A16,diasbp,mae,9.689480781555176,151.835648,0.26368,30703.16015625,330.665984,1787.406,11.342749572381742,5.239758048780488,0.43802439024390244
chronostiny,mlp,,,ecg5000,NVIDIA A16,ecgclass,accuracy,0.824,16.789504,0.134656,10485.720703125,489.074176,2098.356,4.114379624896579,16.336741262222223,0.055638888888888884
chronostiny,mlp,,,ecg5000,NVIDIA A16,ecgclass,accuracy,0.824,16.789504,0.134656,10485.720703125,489.074176,2098.356,4.1305117677582635,16.336741262222223,0.11044866666666667
chronostiny,mlp,,,ecg5000,NVIDIA A16,ecgclass,accuracy,0.824,16.789504,0.134656,10485.720703125,489.074176,2098.356,4.115727110756768,16.336741262222223,0.04243977777777778
chronostiny,mlp,,,ecg5000,NVIDIA A16,ecgclass,accuracy,0.824,16.789504,0.134656,10485.720703125,489.074176,2098.356,4.113661205238766,16.336741262222223,0.028930222222222222
chronostiny,mlp,,,ecg5000,NVIDIA A16,ecgclass,accuracy,0.824,16.789504,0.134656,10485.720703125,489.074176,2098.356,4.101637634701199,16.336741262222223,0.027989777777777777
chronostiny,mlp,,,ecg5000,NVIDIA A16,ecgclass,accuracy,0.824,16.789504,0.134656,10485.720703125,489.074176,2098.356,4.087413802018596,16.336741262222223,0.039977111111111116
chronostiny,mlp,,,ecg5000,NVIDIA A16,ecgclass,accuracy,0.824,16.789504,0.134656,10485.720703125,489.074176,2098.356,4.091648208055024,16.336741262222223,0.03858244444444444
chronostiny,mlp,,,ecg5000,NVIDIA A16,ecgclass,accuracy,0.824,16.789504,0.134656,10485.720703125,489.074176,2098.356,4.103001856969462,16.336741262222223,0.04827066666666666
chronostiny,mlp,,,ecg5000,NVIDIA A16,ecgclass,accuracy,0.824,16.789504,0.134656,10485.720703125,489.074176,2098.356,4.09666639711294,16.336741262222223,0.05397977777777778
