Timestamp,ArrivalTime,TotalTime(ms),WaitTime(ms),DecodeTime(ms),InferTime(ms),ServerComputeTime(ms),TotalServer(ms),Total
1759120446.6548398,1759120446.7351632,2966.187000274658,0.036716461181640625,10.220050811767578,2862.0307445526123,2872.25079536438,2872.347831726074,2892.927646636963
1759120449.621168,1759120449.646166,2158.0374240875244,0.029325485229492188,0.942230224609375,2120.525360107422,2121.4675903320312,2121.5522289276123,2129.8582553863525
1759120451.779413,1759120451.7861493,375.0476837158203,0.031232833862304688,0.08726119995117188,187.1170997619629,187.20436096191406,187.53838539123535,360.0759506225586
1759120452.1557033,1759120452.382393,444.807767868042,0.11801719665527344,0.08034706115722656,203.19318771362305,203.27353477478027,203.48715782165527,440.5252933502197
1759120452.602996,1759120452.6045833,245.47958374023438,0.017404556274414062,0.08296966552734375,208.94479751586914,209.02776718139648,209.0897560119629,209.61546897888184
1759120452.8485775,1759120452.8502097,233.45589637756348,0.01621246337890625,0.08106231689453125,213.50336074829102,213.58442306518555,213.64831924438477,214.17903900146484
1759120453.0821793,1759120453.0865917,415.7986640930176,0.14472007751464844,0.08177757263183594,214.24102783203125,214.3228054046631,214.54143524169922,217.30828285217285
1759120453.498573,1759120453.5045035,194.80633735656738,0.018596649169921875,0.07987022399902344,187.47591972351074,187.55578994750977,187.68787384033203,188.43626976013184
1759120453.6935253,1759120453.6979973,211.71092987060547,0.016689300537109375,0.08153915405273438,206.1624526977539,206.24399185180664,206.30836486816406,206.83836936950684
1759120453.905382,1759120453.9069867,227.58746147155762,0.015735626220703125,0.07987022399902344,216.30072593688965,216.38059616088867,216.44926071166992,216.96877479553223
1759120454.1331239,1759120454.1346774,202.97646522521973,0.017404556274414062,0.08249282836914062,187.78610229492188,187.86859512329102,187.92390823364258,188.45224380493164
1759120454.3361986,1759120454.3400362,225.60930252075195,0.016927719116210938,0.08177757263183594,200.9735107421875,201.05528831481934,201.11417770385742,201.62510871887207
1759120454.561949,1759120454.5669029,236.01031303405762,0.0171661376953125,0.08082389831542969,229.95305061340332,230.03387451171875,230.1020622253418,230.64184188842773
1759120454.7981043,1759120454.7996953,268.4962749481201,0.0171661376953125,0.0820159912109375,233.9344024658203,234.01641845703125,234.0829372406006,234.62772369384766
1759120455.0667,1759120455.0683157,226.74083709716797,0.016450881958007812,0.08940696716308594,220.84712982177734,220.93653678894043,221.00186347961426,221.53759002685547
1759120455.2935915,1759120455.2950728,208.35065841674805,0.017642974853515625,0.08034706115722656,198.0135440826416,198.09389114379883,198.15707206726074,198.67205619812012
1759120455.502084,1759120455.5035584,210.42227745056152,0.016927719116210938,0.10752677917480469,194.82183456420898,194.9293613433838,194.9918270111084,195.50466537475586
1759120455.7126546,1759120455.7141187,200.3650665283203,0.017881393432617188,0.080108642578125,191.80846214294434,191.88857078552246,191.9550895690918,192.45076179504395
1759120455.9141095,1759120456.098701,404.47163581848145,0.09989738464355469,0.07271766662597656,207.71384239196777,207.78656005859375,207.97228813171387,399.3864059448242
1759120456.3187225,1759120456.50327,398.38242530822754,29.20055389404297,0.08034706115722656,182.65461921691895,182.73496627807617,212.0215892791748,384.11617279052734
1759120456.7216125,1759120456.904816,402.9536247253418,0.10657310485839844,0.07224082946777344,184.30805206298828,184.38029289245605,214.61844444274902,397.19390869140625
1759120457.1247149,1759120457.3422947,447.8120803833008,0.11038780212402344,0.06937980651855469,194.411039352417,194.48041915893555,194.67806816101074,440.4902458190918
1759120457.5729744,1759120457.787506,477.7092933654785,30.887603759765625,0.08130073547363281,196.3965892791748,196.47789001464844,227.49710083007812,440.8226013183594
1759120458.050838,1759120458.0524554,215.12365341186523,0.016689300537109375,0.07724761962890625,205.02448081970215,205.10172843933105,205.16705513000488,205.6863307952881
1759120458.2661068,1759120458.2687728,229.48288917541504,0.015735626220703125,0.0762939453125,218.4154987335205,218.491792678833,218.55401992797852,219.06423568725586
1759120458.4956882,1759120458.4971902,199.89919662475586,0.01621246337890625,0.07939338684082031,197.36576080322266,197.44515419006348,197.50595092773438,197.9982852935791
1759120458.6957316,1759120458.6973264,204.58722114562988,0.0152587890625,0.08535385131835938,201.98607444763184,202.0714282989502,202.1322250366211,202.6362419128418
1759120458.9004781,1759120458.902104,191.45965576171875,0.015497207641601562,0.07724761962890625,181.74362182617188,181.82086944580078,181.88023567199707,182.37066268920898
1759120459.0920813,1759120459.0935605,216.46857261657715,0.015974044799804688,0.07891654968261719,213.91534805297852,213.99426460266113,214.05863761901855,214.57314491271973
1759120459.30869,1759120459.3101497,211.25102043151855,0.016450881958007812,0.08082389831542969,200.61635971069336,200.6971836090088,200.75225830078125,201.2460231781006
1759120459.52008,1759120459.5289161,196.4249610900879,0.015974044799804688,0.07772445678710938,185.56785583496094,185.64558029174805,185.6977939605713,186.18512153625488
1759120459.7166524,1759120459.721034,210.63542366027832,0.016689300537109375,0.07677078247070312,178.21335792541504,178.29012870788574,205.37161827087402,205.86156845092773
1759120459.927435,1759120459.929976,211.70496940612793,0.015974044799804688,0.07939338684082031,198.00209999084473,198.08149337768555,198.14538955688477,198.64249229431152
1759120460.139285,1759120460.1548872,254.30917739868164,0.01621246337890625,0.0782012939453125,207.11922645568848,207.1974277496338,207.2601318359375,207.7772617340088
1759120460.39369,1759120460.3952982,223.74892234802246,0.01621246337890625,0.09942054748535156,218.75286102294922,218.85228157043457,218.9159393310547,219.4230556488037
1759120460.6175876,1759120460.6230073,228.00397872924805,0.01621246337890625,0.07843971252441406,213.9294147491455,214.00785446166992,214.07318115234375,214.55883979797363
1759120460.845736,1759120460.8472772,280.37548065185547,0.015497207641601562,0.08630752563476562,241.50681495666504,241.5931224822998,241.67537689208984,242.32101440429688
1759120461.126205,1759120461.1280255,234.7548007965088,0.016450881958007812,0.10251998901367188,224.90620613098145,225.00872611999512,225.07333755493164,225.72088241577148
1759120461.3611047,1759120461.3625858,212.83531188964844,0.016927719116210938,0.0782012939453125,206.3596248626709,206.4378261566162,206.4988613128662,206.99691772460938
1759120461.5740812,1759120461.5819488,204.93197441101074,0.015020370483398438,0.07724761962890625,187.12353706359863,187.20078468322754,187.269926071167,187.77084350585938
1759120461.7791686,1759120461.7808208,252.67577171325684,0.016927719116210938,0.07939338684082031,223.64568710327148,223.7250804901123,223.83975982666016,224.5779037475586
1759120462.0319924,1759120462.0334911,213.73271942138672,0.016927719116210938,0.07843971252441406,197.97420501708984,198.05264472961426,198.10938835144043,198.61435890197754
1759120462.2458856,1759120462.2668831,231.0633659362793,0.0171661376953125,0.07796287536621094,205.40928840637207,205.48725128173828,205.5501937866211,206.06303215026855
1759120462.477093,1759120462.4785552,219.86079216003418,0.015020370483398438,0.07700920104980469,190.2298927307129,190.3069019317627,190.3688907623291,190.8700466156006
1759120462.6970975,1759120462.699555,226.60493850708008,0.016689300537109375,0.07772445678710938,195.0995922088623,195.1773166656494,195.24264335632324,195.75953483581543
1759120462.9238837,1759120462.9262202,202.0578384399414,0.0171661376953125,0.07605552673339844,195.26958465576172,195.34564018249512,195.40715217590332,195.8909034729004
1759120463.126082,1759120463.1275687,210.94274520874023,0.015974044799804688,0.07700920104980469,208.18638801574707,208.26339721679688,208.32419395446777,208.83989334106445
1759120463.337165,1759120463.3399723,213.43111991882324,0.01621246337890625,0.080108642578125,202.55041122436523,202.63051986694336,202.69513130187988,203.19342613220215
1759120463.5507534,1759120463.570883,220.4601764678955,0.016450881958007812,0.07605552673339844,191.23172760009766,191.30778312683105,191.37096405029297,191.87283515930176
1759120463.7713559,1759120463.7736611,210.23297309875488,0.016927719116210938,0.07843971252441406,199.7377872467041,199.81622695922852,199.87964630126953,200.38723945617676
1759120463.9817321,1759120463.9964516,213.20652961730957,0.017642974853515625,0.07748603820800781,189.67509269714355,189.75257873535156,189.8181438446045,190.33408164978027
1759120464.1950333,1759120464.1965442,178.90381813049316,0.016927719116210938,0.07867813110351562,172.68657684326172,172.76525497436523,172.8355884552002,173.37751388549805
1759120464.374079,1759120464.376946,182.36088752746582,0.015974044799804688,0.07843971252441406,150.8469581604004,150.9253978729248,150.9850025177002,151.46398544311523
1759120464.5565872,1759120464.5580106,214.91646766662598,0.015974044799804688,0.07772445678710938,203.67741584777832,203.75514030456543,203.81712913513184,204.2992115020752
1759120464.7716491,1759120464.7896638,503.4973621368408,0.14591217041015625,0.08058547973632812,243.09682846069336,243.1774139404297,243.40534210205078,246.10614776611328
1759120465.27526,1759120465.2792394,441.12372398376465,0.1480579376220703,0.0820159912109375,224.64346885681152,224.72548484802246,224.95007514953613,227.66804695129395
1759120465.7164931,1759120465.7297032,243.38984489440918,0.0209808349609375,0.07939338684082031,229.1278839111328,229.20727729797363,229.27522659301758,238.14058303833008
1759120465.9600327,1759120465.9616215,230.94654083251953,0.016450881958007812,0.0782012939453125,218.19519996643066,218.27340126037598,218.3377742767334,218.8704013824463
1759120466.1910892,1759120466.2037303,217.8018093109131,19.65641975402832,0.08225440979003906,184.4043731689453,184.48662757873535,204.2379379272461,213.8512134552002
1759120466.4091644,1759120466.412982,192.08288192749023,0.015974044799804688,0.07891654968261719,179.03494834899902,179.11386489868164,179.1679859161377,179.66341972351074
1759120466.6014016,1759120466.6028655,210.0372314453125,0.0171661376953125,0.07772445678710938,205.57546615600586,205.65319061279297,205.7187557220459,206.20989799499512
1759120466.811536,1759120466.8147705,209.52248573303223,0.017881393432617188,0.07867813110351562,202.84724235534668,202.9259204864502,203.0036449432373,203.54437828063965
1759120467.021296,1759120467.0270467,254.8985481262207,0.018596649169921875,0.08344650268554688,247.9877471923828,248.07119369506836,248.1405735015869,248.69203567504883
1759120467.276299,1759120467.27791,221.50683403015137,0.018358230590820312,0.08440017700195312,191.25604629516602,191.34044647216797,191.4076805114746,216.98689460754395
1759120467.4979544,1759120467.4995203,218.0500030517578,0.018596649169921875,0.08487701416015625,208.54997634887695,208.6348533630371,208.693265914917,214.31469917297363
1759120467.7161496,1759120467.7189772,234.36236381530762,0.016927719116210938,0.07915496826171875,230.47208786010742,230.55124282836914,230.61394691467285,231.11510276794434
1759120467.9506524,1759120467.9521961,240.78845977783203,0.016450881958007812,0.08106231689453125,235.81504821777344,235.89611053466797,235.95952987670898,236.4790439605713
1759120468.191539,1759120468.1979997,222.96428680419922,0.015974044799804688,0.080108642578125,210.06393432617188,210.14404296875,210.2069854736328,210.73102951049805
1759120468.4146507,1759120468.416105,228.59621047973633,0.017404556274414062,0.07987022399902344,224.23958778381348,224.3194580078125,224.38335418701172,224.87783432006836
1759120468.6464925,1759120468.647935,205.95216751098633,0.016689300537109375,0.07891654968261719,193.9089298248291,193.98784637451172,194.05078887939453,194.54193115234375
1759120468.8526065,1759120468.8544123,182.9817295074463,0.017881393432617188,0.07939338684082031,171.73457145690918,171.81396484375,171.8757152557373,172.39046096801758
1759120469.035733,1759120469.0448833,207.35812187194824,0.016689300537109375,0.07534027099609375,197.18647003173828,197.26181030273438,197.3271369934082,197.81494140625
1759120469.24323,1759120469.2447622,221.3575839996338,0.015497207641601562,0.0762939453125,205.88016510009766,205.95645904541016,206.01844787597656,206.51793479919434
1759120469.464731,1759120469.4663332,214.77341651916504,0.017642974853515625,0.09393692016601562,197.2219944000244,197.31593132019043,197.3726749420166,197.8905200958252
1759120469.6796472,1759120469.6840372,217.99373626708984,0.01621246337890625,0.07796287536621094,212.56661415100098,212.6445770263672,212.69965171813965,213.19198608398438
1759120469.8977325,1759120469.9029658,222.43785858154297,0.015020370483398438,0.07915496826171875,183.06684494018555,183.14599990844727,183.19988250732422,183.6872100830078
1759120470.120444,1759120470.1249907,219.06137466430664,0.016450881958007812,0.07748603820800781,201.14850997924805,201.22599601745605,201.2808322906494,201.7993927001953
1759120470.3396502,1759120470.343167,218.28269958496094,0.01621246337890625,0.07605552673339844,200.49786567687988,200.57392120361328,200.63543319702148,201.1258602142334
1759120470.5581994,1759120470.5650446,403.2859802246094,0.027894973754882812,0.07796287536621094,194.28634643554688,194.3643093109131,194.6237087249756,393.38135719299316
1759120470.9616177,1759120470.9640007,187.22820281982422,0.015974044799804688,0.07653236389160156,181.75983428955078,181.83636665344238,181.95700645446777,182.66725540161133
1759120471.1490037,1759120471.1504743,187.93725967407227,0.018835067749023438,0.07939338684082031,177.76966094970703,177.84905433654785,177.92129516601562,182.34491348266602
1759120471.3370845,1759120471.338572,178.35617065429688,0.016689300537109375,0.07653236389160156,173.74897003173828,173.82550239562988,173.88629913330078,174.38387870788574
1759120471.515588,1759120471.5170312,219.28787231445312,0.01621246337890625,0.07796287536621094,215.7590389251709,215.8370018005371,215.90209007263184,216.39728546142578
1759120471.735022,1759120471.7389684,205.57117462158203,0.015735626220703125,0.07581710815429688,192.37422943115234,192.45004653930664,192.51298904418945,193.00317764282227
1759120471.9407408,1759120472.093123,346.51756286621094,0.10204315185546875,0.07200241088867188,185.77337265014648,185.84537506103516,186.02609634399414,341.74633026123047
1759120472.2874138,1759120472.2899888,175.1253604888916,0.016689300537109375,0.10704994201660156,159.6391201019287,159.7461700439453,159.80148315429688,160.3071689605713
1759120472.4636447,1759120472.6737058,444.3974494934082,0.1049041748046875,0.07128715515136719,198.6534595489502,198.72474670410156,198.9133358001709,440.457820892334
1759120472.9082072,1759120472.9122052,425.4441261291504,0.13494491577148438,0.09226799011230469,202.9566764831543,203.0489444732666,380.8414936065674,417.8133010864258
1759120473.3347538,1759120473.5462132,436.75923347473145,0.10251998901367188,0.08535385131835938,211.94052696228027,212.02588081359863,212.2170925140381,431.34188652038574
1759120473.7716155,1759120473.7927952,271.00491523742676,0.020265579223632812,0.07534027099609375,245.1169490814209,245.192289352417,245.30291557312012,259.7494125366211
1759120474.0427706,1759120474.2792943,456.0859203338623,0.39958953857421875,0.07772445678710938,212.20898628234863,212.28671073913574,214.0522003173828,449.5987892150879
1759120474.500497,1759120474.5079935,225.8131504058838,0.015497207641601562,0.0762939453125,217.29612350463867,217.37241744995117,217.4355983734131,217.92149543762207
1759120474.726474,1759120474.7299743,216.6922092437744,0.015974044799804688,0.07915496826171875,212.17036247253418,212.2495174407959,212.30292320251465,212.80932426452637
1759120474.9432638,1759120474.95591,238.68608474731445,0.015735626220703125,0.0782012939453125,218.9033031463623,218.98150444030762,219.04444694519043,219.55633163452148
1759120475.182097,1759120475.1835804,211.867094039917,0.016450881958007812,0.07700920104980469,209.36298370361328,209.4399929046631,209.49435234069824,210.0076675415039
1759120475.3941085,1759120475.3956802,233.68000984191895,0.015974044799804688,0.0762939453125,229.2459011077881,229.3221950531006,229.43353652954102,230.16905784606934
1759120475.6279328,1759120475.629542,229.0496826171875,0.018835067749023438,0.0782012939453125,195.6155300140381,195.6937313079834,195.75023651123047,196.39134407043457
1759120475.8571234,1759120475.8609865,185.80889701843262,0.015974044799804688,0.07581710815429688,179.87942695617676,179.95524406433105,180.02057075500488,180.50622940063477
1759120476.0430763,1759120476.0479584,228.87158393859863,0.016689300537109375,0.07772445678710938,221.20285034179688,221.28057479858398,221.34757041931152,221.84348106384277
1759120476.272042,1759120476.2760465,253.39865684509277,0.016450881958007812,0.07557868957519531,216.04657173156738,216.12215042114258,216.1862850189209,249.01080131530762
1759120476.5255826,1759120476.529963,212.4316692352295,0.016689300537109375,0.07677078247070312,201.9672393798828,202.04401016235352,202.11315155029297,202.6069164276123
1759120476.738163,1759120476.743168,231.71448707580566,0.017881393432617188,0.07891654968261719,215.56854248046875,215.64745903015137,215.7135009765625,216.23468399047852
1759120476.970024,1759120476.9749877,215.7576084136963,0.017881393432617188,0.09369850158691406,209.74397659301758,209.8376750946045,209.89513397216797,210.39962768554688
1759120477.185876,1759120477.1886904,208.07957649230957,0.016689300537109375,0.07939338684082031,194.91291046142578,194.9923038482666,195.05882263183594,195.570707321167
1759120477.394094,1759120477.3956509,233.90984535217285,0.016450881958007812,0.07939338684082031,228.7161350250244,228.79552841186523,228.85894775390625,229.3989658355713
1759120477.6281474,1759120477.6329677,233.33048820495605,0.01621246337890625,0.07772445678710938,198.90689849853516,198.98462295532227,199.0487575531006,199.54276084899902
1759120477.8616648,1759120477.8692782,468.06931495666504,0.025272369384765625,24.149656295776367,215.60430526733398,239.75396156311035,240.01669883728027,460.033655166626
1759120478.3298876,1759120478.3350806,419.9786186218262,0.1385211944580078,0.07963180541992188,202.6045322418213,202.6841640472412,211.35306358337402,215.35754203796387
1759120478.7500215,1759120478.751505,207.9317569732666,0.016689300537109375,0.07677078247070312,201.41148567199707,201.48825645446777,201.5523910522461,202.0430564880371
1759120478.9580972,1759120478.975879,220.54100036621094,0.016689300537109375,0.07748603820800781,199.14960861206055,199.22709465026855,199.29075241088867,199.7854709625244
1759120479.178786,1759120479.1803322,195.93119621276855,0.015735626220703125,0.11539459228515625,187.88790702819824,188.0033016204834,188.5092258453369,189.01467323303223
1759120479.374863,1759120479.3788452,201.16424560546875,0.016927719116210938,0.07700920104980469,196.15840911865234,196.23541831970215,196.30002975463867,196.79570198059082
1759120479.5761707,1759120479.57766,205.2750587463379,0.0171661376953125,0.07963180541992188,198.66085052490234,198.74048233032227,198.80366325378418,199.31459426879883
1759120479.7815886,1759120479.7830832,214.36285972595215,0.01621246337890625,0.07891654968261719,209.3222141265869,209.40113067626953,209.46240425109863,209.9893093109131
1759120479.9966757,1759120480.0034344,450.03485679626465,0.0286102294921875,0.09131431579589844,208.36448669433594,208.45580101013184,208.71734619140625,419.008731842041
1759120480.4469974,1759120480.4524088,438.478946685791,0.030040740966796875,0.07700920104980469,206.50029182434082,206.57730102539062,206.8307399749756,429.23927307128906
1759120480.8874502,1759120480.8894396,184.50427055358887,0.016689300537109375,0.07843971252441406,172.57380485534668,172.6522445678711,172.7132797241211,173.22325706481934
1759120481.072101,1759120481.077054,170.7594394683838,0.015735626220703125,0.07796287536621094,163.30957412719727,163.38753700256348,163.4500026702881,163.9564037322998
1759120481.2430036,1759120481.2454965,209.395170211792,0.017404556274414062,0.07843971252441406,195.80674171447754,195.88518142700195,195.94144821166992,196.47812843322754
1759120481.452563,1759120481.456966,210.36815643310547,0.016450881958007812,0.07915496826171875,201.32946968078613,201.40862464904785,201.46632194519043,201.951265335083
1759120481.6630712,1759120481.6659703,224.87735748291016,0.015497207641601562,0.0762939453125,220.46589851379395,220.54219245910645,220.60608863830566,221.10366821289062
1759120481.888091,1759120481.889641,245.2540397644043,0.015735626220703125,0.0762939453125,214.46847915649414,214.54477310180664,214.61963653564453,243.2272434234619
1759120482.1335225,1759120482.1351826,225.42500495910645,0.018596649169921875,0.08320808410644531,207.35979080200195,207.4429988861084,207.51333236694336,208.08124542236328
1759120482.359097,1759120482.3606935,208.85300636291504,0.017642974853515625,0.10204315185546875,200.03652572631836,200.13856887817383,200.1936435699463,200.74772834777832
1759120482.5680952,1759120482.570792,219.132661819458,0.016450881958007812,0.07987022399902344,209.36179161071777,209.4416618347168,209.51247215270996,210.15691757202148
1759120482.7873998,1759120482.7916765,235.00943183898926,0.016689300537109375,0.07939338684082031,229.6922206878662,229.77161407470703,229.83479499816895,230.38816452026367
1759120483.0225515,1759120483.0240152,215.64698219299316,0.016450881958007812,0.07915496826171875,186.13100051879883,186.21015548706055,186.27190589904785,213.81497383117676
1759120483.239449,1759120483.2409186,197.13854789733887,0.015735626220703125,0.07867813110351562,190.9656524658203,191.04433059692383,191.10488891601562,191.59770011901855
1759120483.4367332,1759120483.438392,190.5834674835205,0.017881393432617188,0.07987022399902344,178.1752109527588,178.2550811767578,178.31802368164062,178.9085865020752
1759120483.6274757,1759120483.6289265,199.6445655822754,0.017404556274414062,0.08058547973632812,197.16620445251465,197.24678993225098,197.3111629486084,197.82376289367676
1759120483.8272142,1759120483.8287945,203.7374973297119,0.016927719116210938,0.07915496826171875,197.30234146118164,197.38149642944336,197.44539260864258,197.9677677154541
1759120484.0310938,1759120484.0349648,200.4079818725586,0.016689300537109375,0.0782012939453125,193.53675842285156,193.61495971679688,193.67599487304688,194.16260719299316
1759120484.2315953,1759120484.2331998,204.79893684387207,0.016450881958007812,0.07605552673339844,202.14462280273438,202.22067832946777,202.28290557861328,202.78096199035645
1759120484.4365354,1759120484.4401367,241.4097785949707,0.017404556274414062,0.0762939453125,198.52542877197266,198.60172271728516,198.66514205932617,199.17917251586914
1759120484.6780849,1759120484.6829572,225.358247756958,0.01621246337890625,0.07557868957519531,214.24245834350586,214.31803703308105,214.3850326538086,214.88142013549805
1759120484.903598,1759120484.9052117,213.32740783691406,0.017404556274414062,0.10251998901367188,206.02035522460938,206.12287521362305,206.21681213378906,206.74657821655273
1759120485.117189,1759120485.1259701,240.4329776763916,0.01621246337890625,0.07891654968261719,206.17127418518066,206.25019073486328,206.3617706298828,218.1086540222168
1759120485.357764,1759120485.3592002,226.68170928955078,0.016689300537109375,0.07915496826171875,224.22075271606445,224.29990768432617,224.36118125915527,224.8537540435791
1759120485.584587,1759120485.5860987,220.75748443603516,0.015735626220703125,0.07700920104980469,208.14108848571777,208.21809768676758,208.28580856323242,208.79387855529785
1759120485.805502,1759120485.8319,247.236967086792,0.01811981201171875,0.07605552673339844,219.76137161254883,219.83742713928223,219.91539001464844,233.93988609313965
1759120486.052878,1759120486.0543985,242.5694465637207,0.015974044799804688,0.07796287536621094,240.02790451049805,240.10586738586426,240.16904830932617,240.6899929046631
1759120486.2955904,1759120486.299074,264.44149017333984,0.018835067749023438,0.07748603820800781,235.84628105163574,235.92376708984375,235.99696159362793,236.8142604827881
1759120486.5601718,1759120486.5617473,193.6776638031006,0.015974044799804688,0.07796287536621094,191.08843803405762,191.16640090942383,191.23220443725586,191.7707920074463
1759120486.7539918,1759120486.7569141,198.67634773254395,0.0171661376953125,0.07653236389160156,172.3041534423828,172.3806858062744,172.45101928710938,172.94549942016602
1759120486.95281,1759120486.9542484,196.25377655029297,0.016689300537109375,0.07939338684082031,191.3895606994629,191.4689540863037,191.53451919555664,192.0318603515625
1759120487.1492448,1759120487.1506999,198.2593536376953,0.01621246337890625,0.0782012939453125,192.9776668548584,193.0558681488037,193.11952590942383,193.6328411102295
1759120487.34765,1759120487.349111,205.11913299560547,0.016450881958007812,0.07915496826171875,202.6386260986328,202.71778106689453,202.78310775756836,203.2754421234131
1759120487.5529082,1759120487.5543437,216.52936935424805,0.0324249267578125,0.07939338684082031,211.96341514587402,212.04280853271484,212.12148666381836,212.62574195861816
1759120487.7695982,1759120487.7710443,213.90581130981445,0.01621246337890625,0.07724761962890625,185.5480670928955,185.6253147125244,185.68754196166992,186.17820739746094
1759120487.9835997,1759120487.9850776,225.3401279449463,0.015974044799804688,0.08893013000488281,218.05095672607422,218.1398868560791,218.2018756866455,218.70088577270508
1759120488.2090313,1759120488.2105622,236.03177070617676,0.016927719116210938,0.07867813110351562,207.44919776916504,207.52787590026855,207.594633102417,208.11700820922852
1759120488.4452055,1759120488.446688,188.74859809875488,0.016927719116210938,0.07939338684082031,176.48792266845703,176.56731605529785,176.63002014160156,177.1864891052246
1759120488.634092,1759120488.6355588,206.07805252075195,0.016450881958007812,0.07677078247070312,176.5596866607666,176.6364574432373,176.6984462738037,204.2539119720459
1759120488.840449,1759120488.8449721,205.2466869354248,0.015735626220703125,0.07653236389160156,197.06296920776367,197.13950157165527,197.20721244812012,197.70264625549316
1759120489.0458355,1759120489.050046,220.10135650634766,0.015974044799804688,0.08106231689453125,190.12928009033203,190.21034240722656,190.27042388916016,190.76824188232422
1759120489.2660296,1759120489.2675195,220.4759120941162,0.016689300537109375,0.07843971252441406,215.82889556884766,215.90733528137207,215.972900390625,216.48764610290527
1759120489.4866498,1759120489.4880955,219.85244750976562,0.016450881958007812,0.07772445678710938,189.62407112121582,189.70179557800293,189.76759910583496,214.46824073791504
1759120489.706648,1759120489.7081032,190.93799591064453,0.016450881958007812,0.07772445678710938,184.45324897766113,184.53097343444824,184.59534645080566,185.1174831390381
1759120489.89773,1759120489.9009798,193.1467056274414,0.016689300537109375,0.08058547973632812,188.8892650604248,188.96985054016113,189.0265941619873,189.52679634094238
1759120490.0910168,1759120490.092473,228.92379760742188,0.017881393432617188,0.07772445678710938,195.15442848205566,195.23215293884277,195.2979564666748,195.814847946167
1759120490.3200808,1759120490.3216565,213.26780319213867,0.016450881958007812,0.07939338684082031,210.6790542602539,210.75844764709473,210.82234382629395,211.34543418884277
1759120490.5335062,1759120490.5370858,232.33509063720703,0.015735626220703125,0.07772445678710938,227.736234664917,227.8139591217041,227.8749942779541,228.36565971374512
1759120490.7659829,1759120490.7675185,206.9113254547119,0.015974044799804688,0.07891654968261719,204.36620712280273,204.44512367248535,204.50901985168457,205.031156539917
1759120490.973033,1759120490.974487,198.1985569000244,0.016927719116210938,0.07963180541992188,164.70694541931152,164.78657722473145,164.84904289245605,196.3798999786377
1759120491.1713843,1759120491.1729984,185.19902229309082,0.016450881958007812,0.07987022399902344,178.2240867614746,178.30395698547363,178.37929725646973,178.88116836547852
1759120491.3567247,1759120491.3592298,210.67428588867188,0.015735626220703125,0.08034706115722656,207.1526050567627,207.23295211791992,207.29494094848633,207.78751373291016
1759120491.5675402,1759120491.5690455,244.90857124328613,0.015497207641601562,0.07748603820800781,242.3102855682373,242.3877716064453,242.45977401733398,242.97738075256348
1759120491.812547,1759120491.8141153,213.4079933166504,0.016450881958007812,0.08177757263183594,202.42667198181152,202.50844955444336,202.5749683380127,203.13787460327148
1759120492.0261106,1759120492.0291476,236.61375045776367,0.015974044799804688,0.0782012939453125,232.53655433654785,232.61475563049316,232.6793670654297,233.19172859191895
1759120492.2628658,1759120492.278908,231.31561279296875,0.015497207641601562,0.07724761962890625,214.2493724822998,214.3266201019287,214.39242362976074,214.89429473876953
1759120492.494323,1759120492.4958649,227.27060317993164,0.016450881958007812,0.07843971252441406,202.70013809204102,202.77857780456543,202.84366607666016,203.35102081298828
1759120492.721738,1759120492.7231972,195.0054168701172,0.015735626220703125,0.07891654968261719,189.652681350708,189.73159790039062,189.78428840637207,190.2780532836914
1759120492.9168885,1759120492.9183457,207.61346817016602,0.03266334533691406,0.07987022399902344,204.40387725830078,204.4837474822998,204.61297035217285,205.32488822937012
1759120493.124643,1759120493.1260982,233.5073947906494,0.016689300537109375,0.07891654968261719,221.36759757995605,221.44651412963867,221.5125560760498,222.01132774353027
1759120493.358321,1759120493.3598318,214.5092487335205,0.015497207641601562,0.07843971252441406,211.9154930114746,211.99393272399902,212.06212043762207,212.57257461547852
1759120493.5729718,1759120493.5745203,232.85961151123047,0.016689300537109375,0.07939338684082031,204.24294471740723,204.32233810424805,204.4374942779541,205.02042770385742
1759120493.8059716,1759120494.0143018,461.64774894714355,20.14017105102539,0.08130073547363281,197.44443893432617,197.5257396697998,217.75221824645996,454.8907279968262
1759120494.2677515,1759120494.464213,403.84769439697266,0.10085105895996094,0.08153915405273438,180.26351928710938,180.3450584411621,180.56726455688477,400.3438949584961
1759120494.6754482,1759120494.8728673,395.0636386871338,0.10013580322265625,0.0705718994140625,189.50653076171875,189.5771026611328,189.76449966430664,386.533260345459
1759120495.0706599,1759120495.0736248,390.1712894439697,180.54699897766113,0.07081031799316406,179.8534393310547,179.92424964904785,360.6274127960205,386.7349624633789
1759120495.460979,1759120495.4699132,212.9685878753662,0.015974044799804688,0.110626220703125,199.62382316589355,199.73444938659668,199.78928565979004,200.29902458190918
1759120495.6740916,1759120495.6948974,239.41802978515625,0.016450881958007812,0.0782012939453125,203.57012748718262,203.64832878112793,203.71103286743164,204.21409606933594
1759120495.9136553,1759120495.9259694,228.29604148864746,0.01621246337890625,0.07724761962890625,208.54544639587402,208.62269401550293,208.68802070617676,209.18941497802734
1759120496.142096,1759120496.155748,228.7278175354004,0.016927719116210938,0.07796287536621094,214.04600143432617,214.12396430969238,214.1871452331543,226.7894744873047
1759120496.370968,1759120496.3759823,235.45312881469727,0.016450881958007812,0.08225440979003906,229.36296463012695,229.445219039917,229.51078414916992,230.04412651062012
1759120496.6065638,1759120496.6081038,212.24236488342285,0.015974044799804688,0.08177757263183594,209.669828414917,209.75160598754883,209.81812477111816,210.33644676208496
1759120496.818948,1759120496.8204217,224.86162185668945,0.017881393432617188,0.08153915405273438,212.1748924255371,212.25643157958984,212.3279571533203,212.87941932678223
1759120497.0470543,1759120497.2872045,496.6297149658203,0.11754035949707031,0.08511543273925781,235.46385765075684,235.5489730834961,235.7642650604248,488.0850315093994
1759120497.5448444,1759120497.7272923,420.9916591644287,30.161619186401367,0.08225440979003906,163.49148750305176,163.5737419128418,193.82452964782715,414.3071174621582
1759120497.965983,1759120497.96755,231.6141128540039,0.017404556274414062,0.07772445678710938,225.82483291625977,225.90255737304688,225.9688377380371,226.4862060546875
1759120498.1976995,1759120498.2028322,251.28483772277832,0.01621246337890625,0.07534027099609375,232.9726219177246,233.0479621887207,233.11090469360352,233.65378379821777
1759120498.449131,1759120498.4613369,236.97137832641602,0.016689300537109375,0.08821487426757812,207.8874111175537,207.9756259918213,217.1313762664795,217.66209602355957
1759120498.6862454,1759120498.6878185,247.70808219909668,0.01621246337890625,0.07724761962890625,208.99343490600586,209.07068252563477,209.13195610046387,209.65147018432617
1759120498.9340973,1759120498.9356885,227.43463516235352,0.015497207641601562,0.07796287536621094,224.8082160949707,224.8861789703369,224.95102882385254,225.4791259765625
1759120499.1616778,1759120499.1696203,224.49517250061035,0.015735626220703125,0.07915496826171875,205.95645904541016,206.03561401367188,206.09712600708008,206.60686492919922
1759120499.3863335,1759120499.3878202,209.916353225708,0.016450881958007812,0.08106231689453125,206.67338371276855,206.7544460296631,206.8169116973877,207.31735229492188
1759120499.5964105,1759120499.5990496,193.30310821533203,0.015974044799804688,0.07867813110351562,189.64433670043945,189.72301483154297,189.78428840637207,190.28186798095703
1759120499.7899754,1759120499.7938404,224.9739170074463,0.015497207641601562,0.07963180541992188,215.9285545349121,216.00818634033203,216.0639762878418,216.56203269958496
1759120500.015092,1759120500.0166543,261.4152431488037,0.015974044799804688,0.07796287536621094,238.18659782409668,238.2645606994629,238.3272647857666,238.85798454284668
1759120500.2766557,1759120500.319687,258.9128017425537,0.020265579223632812,0.07915496826171875,211.00878715515137,211.0879421234131,211.1530303955078,249.86839294433594
1759120500.5357094,1759120500.8880062,580.4288387298584,0.13566017150878906,0.07081031799316406,218.03903579711914,218.1098461151123,218.59335899353027,571.3918209075928
1759120501.1204522,1759120501.1219625,224.50995445251465,0.017404556274414062,0.07581710815429688,188.91406059265137,188.98987770080566,189.0566349029541,189.54849243164062
1759120501.3451083,1759120501.3466766,191.83635711669922,0.016927719116210938,0.07700920104980469,181.68926239013672,181.76627159118652,181.83231353759766,182.3585033416748
1759120501.5370874,1759120501.5387166,212.874174118042,0.01621246337890625,0.07891654968261719,203.9506435394287,204.02956008911133,204.09297943115234,204.6351432800293
1759120501.7501044,1759120501.7659547,222.90730476379395,0.016927719116210938,0.07867813110351562,206.00247383117676,206.08115196228027,206.1464786529541,206.6960334777832
1759120501.9731507,1759120501.9746296,223.79612922668457,0.01621246337890625,0.07963180541992188,198.10175895690918,198.1813907623291,198.2440948486328,198.7473964691162
1759120502.1970425,1759120502.198556,211.47489547729492,0.015974044799804688,0.08106231689453125,208.23168754577637,208.3127498626709,208.37688446044922,208.88519287109375
1759120502.408685,1759120502.4164643,222.81789779663086,0.015974044799804688,0.07891654968261719,193.43876838684082,193.51768493652344,193.57848167419434,194.08798217773438
1759120502.63165,1759120502.6331036,240.85617065429688,0.017881393432617188,0.0782012939453125,236.3584041595459,236.4366054534912,236.50288581848145,236.99045181274414
1759120502.8726032,1759120502.8800228,214.83635902404785,0.01811981201171875,0.07653236389160156,203.5520076751709,203.6285400390625,203.69505882263184,204.2088508605957
1759120503.08759,1759120503.0890164,202.91399955749512,0.01621246337890625,0.0782012939453125,198.4729766845703,198.55117797851562,198.61173629760742,199.0971565246582
1759120503.2906506,1759120503.2920916,212.19468116760254,0.016927719116210938,0.0782012939453125,202.8365135192871,202.91471481323242,202.97694206237793,203.49979400634766
1759120503.5029895,1759120503.5044796,185.99319458007812,0.017642974853515625,0.07772445678710938,176.75518989562988,176.832914352417,180.9239387512207,181.473970413208
1759120503.6891232,1759120503.6905742,189.78285789489746,0.015497207641601562,0.07724761962890625,168.71237754821777,168.78962516784668,168.84183883666992,169.3408489227295
1759120503.8790584,1759120503.8806117,160.86506843566895,0.016927719116210938,0.07915496826171875,151.9937515258789,152.07290649414062,152.13656425476074,152.71663665771484
1759120504.0400646,1759120504.0417745,177.88958549499512,0.018835067749023438,0.080108642578125,170.17054557800293,170.25065422058105,170.30930519104004,170.91870307922363
1759120504.2180922,1759120504.2195637,195.84321975708008,0.016689300537109375,0.08106231689453125,160.9952449798584,161.07630729675293,161.13829612731934,161.65971755981445
1759120504.414073,1759120504.4156675,195.55187225341797,0.016927719116210938,0.07724761962890625,186.01322174072266,186.09046936035156,186.15174293518066,186.6447925567627
1759120504.6097577,1759120504.7676456,353.6837100982666,0.0972747802734375,0.07009506225585938,187.1812343597412,187.25132942199707,187.43419647216797,346.42672538757324
1759120504.963593,1759120505.1693492,411.41653060913086,0.3840923309326172,0.08273124694824219,190.92059135437012,191.00332260131836,198.0876922607422,402.85301208496094
1759120505.3751538,1759120505.6070802,465.6717777252197,0.10156631469726562,0.07390975952148438,195.57905197143555,195.65296173095703,195.84083557128906,460.33787727355957
1759120505.84209,1759120506.0437133,418.4262752532959,0.10514259338378906,0.07152557373046875,193.2668685913086,193.33839416503906,193.53103637695312,413.3760929107666
1759120506.260667,1759120506.2643278,448.864221572876,199.3253231048584,0.07367134094238281,217.8502082824707,217.9238796234131,417.4058437347412,425.4741668701172
1759120506.7096832,1759120506.71133,239.00794982910156,0.015497207641601562,0.09441375732421875,236.1917495727539,236.28616333007812,236.358642578125,236.91868782043457
1759120506.94885,1759120506.9505067,265.40088653564453,0.018358230590820312,0.08273124694824219,235.73899269104004,235.82172393798828,235.89825630187988,236.4668846130371
1759120507.2143502,1759120507.2160058,221.6033935546875,0.016927719116210938,0.08106231689453125,211.78507804870605,211.8661403656006,211.9309902191162,212.49961853027344
1759120507.4360986,1759120507.4375885,175.80866813659668,0.017404556274414062,0.08296966552734375,173.29692840576172,173.37989807128906,173.44164848327637,173.95615577697754
1759120507.612049,1759120507.6150856,201.89595222473145,0.016450881958007812,0.07772445678710938,187.32833862304688,187.40606307983398,187.46709823608398,187.94512748718262
1759120507.8140414,1759120507.8155982,233.2916259765625,0.016689300537109375,0.07772445678710938,230.70907592773438,230.78680038452148,230.8511734008789,231.3697338104248
1759120508.047489,1759120508.048929,213.46116065979004,0.01621246337890625,0.07915496826171875,193.94946098327637,194.0286159515381,194.0898895263672,194.57650184631348
1759120508.2610903,1759120508.2767093,225.49796104431152,0.016689300537109375,0.07748603820800781,201.7834186553955,201.86090469360352,201.92384719848633,216.50362014770508
1759120508.4867332,1759120508.501128,228.84893417358398,0.016927719116210938,0.07724761962890625,205.69777488708496,205.77502250671387,205.8408260345459,206.3145637512207
1759120508.7174313,1759120508.7209675,220.0756072998047,0.017404556274414062,0.07843971252441406,214.47324752807617,214.5516872406006,214.6165370941162,215.11244773864746
1759120508.937654,1759120508.941981,214.45250511169434,0.016689300537109375,0.07939338684082031,201.74527168273926,201.82466506958008,201.8892765045166,202.3928165435791
1759120509.1522446,1759120509.1537936,193.68696212768555,0.018358230590820312,0.07939338684082031,189.6672248840332,189.74661827087402,189.80836868286133,190.41085243225098
1759120509.3460736,1759120509.3476813,186.51509284973145,0.016927719116210938,0.07748603820800781,161.41510009765625,161.49258613586426,161.5579128265381,162.0619297027588
1759120509.5327327,1759120509.5342786,177.24180221557617,0.01621246337890625,0.09393692016601562,166.98765754699707,167.0815944671631,167.13452339172363,167.62113571166992
1759120509.7101285,1759120509.7116206,206.45928382873535,0.0171661376953125,0.09202957153320312,185.47344207763672,185.56547164916992,185.62936782836914,186.16199493408203
1759120509.9167302,1759120509.918176,193.3581829071045,0.015735626220703125,0.07748603820800781,187.15429306030273,187.23177909851074,187.29186058044434,187.78014183044434
1759120510.1102328,1759120510.1117697,223.8178253173828,0.01621246337890625,0.07700920104980469,189.2111301422119,189.28813934326172,189.35060501098633,189.88466262817383
1759120510.3341877,1759120510.3357112,207.45134353637695,0.016689300537109375,0.08416175842285156,204.77938652038574,204.8635482788086,204.91981506347656,205.43789863586426
1759120510.542492,1759120510.5442426,219.83814239501953,0.018596649169921875,0.07963180541992188,179.98719215393066,180.0668239593506,217.21220016479492,217.81587600708008
1759120510.762436,1759120510.7689102,216.15219116210938,0.015497207641601562,0.07724761962890625,203.3247947692871,203.40204238891602,203.46999168395996,203.95779609680176
1759120510.9787316,1759120510.984054,209.59877967834473,0.015497207641601562,0.0782012939453125,203.28140258789062,203.35960388183594,203.42350006103516,203.9332389831543
1759120511.188441,1759120511.1898782,190.35649299621582,0.015974044799804688,0.07581710815429688,184.57293510437012,184.6487522125244,184.7083568572998,185.18662452697754
1759120511.3789403,1759120511.3803859,193.23396682739258,0.0171661376953125,0.07748603820800781,189.87393379211426,189.95141983032227,190.01507759094238,190.51647186279297
1759120511.5746598,1759120511.5772083,323.38452339172363,0.01621246337890625,0.0782012939453125,163.28072547912598,163.3589267730713,163.4368896484375,164.1674041748047
1759120511.8981936,1759120511.8997436,183.32362174987793,0.0171661376953125,0.08106231689453125,178.40123176574707,178.4822940826416,178.54928970336914,179.1083812713623
1759120512.0816743,1759120512.0832207,218.14799308776855,0.017404556274414062,0.07987022399902344,204.96416091918945,205.04403114318848,205.10506629943848,205.63220977783203
1759120512.3014495,1759120512.3029745,200.056791305542,0.017404556274414062,0.08559226989746094,196.5184211730957,196.60401344299316,196.66290283203125,197.18027114868164
1759120512.5016527,1759120512.5059953,201.31397247314453,0.016927719116210938,0.07891654968261719,192.6403045654297,192.7192211151123,192.78359413146973,193.31860542297363
1759120512.703108,1759120512.7046072,194.16427612304688,0.017404556274414062,0.08225440979003906,158.54382514953613,158.62607955932617,158.68687629699707,192.32177734375
1759120512.8974285,1759120512.89891,220.16501426696777,0.016689300537109375,0.08177757263183594,203.69935035705566,203.7811279296875,203.84526252746582,204.35476303100586
1759120513.117742,1759120513.1192794,233.67881774902344,0.016689300537109375,20.115137100219727,211.0593318939209,231.17446899414062,231.24027252197266,231.7636013031006
1759120513.3515613,1759120513.3530574,201.27058029174805,0.016450881958007812,0.08058547973632812,171.30565643310547,171.3862419128418,171.49949073791504,172.18756675720215
1759120513.5529714,1759120513.5544798,195.96219062805176,0.017642974853515625,0.08106231689453125,179.67915534973145,179.76021766662598,179.8245906829834,180.36222457885742
1759120513.7490737,1759120513.769673,248.78287315368652,0.017404556274414062,0.07963180541992188,187.3037815093994,187.38341331481934,187.44754791259766,207.03816413879395
1759120513.998271,1759120514.001313,446.56968116760254,0.02574920654296875,0.0858306884765625,229.2938232421875,229.37965393066406,229.63786125183105,436.309814453125
1759120514.4474475,1759120514.6584227,413.0098819732666,0.11849403381347656,0.07414817810058594,183.05397033691406,183.12811851501465,183.3338737487793,391.1714553833008
1759120514.86061,1759120514.8622327,242.3567771911621,0.0152587890625,0.07772445678710938,208.4200382232666,208.4977626800537,208.5566520690918,209.0921401977539
1759120515.1031134,1759120515.1079602,234.08985137939453,0.016927719116210938,0.07510185241699219,228.19232940673828,228.26743125915527,228.3339500427246,228.8510799407959
1759120515.3373458,1759120515.3389065,238.7533187866211,0.016927719116210938,0.07677078247070312,232.23328590393066,232.31005668640137,232.42473602294922,232.97405242919922
1759120515.5762413,1759120515.809197,452.5623321533203,0.051021575927734375,0.072479248046875,203.96971702575684,204.0421962738037,213.24968338012695,446.6555118560791
1759120516.0314527,1759120516.0329494,221.72164916992188,0.016927719116210938,0.07653236389160156,218.31297874450684,218.38951110839844,218.45722198486328,218.94121170043945
1759120516.253373,1759120516.2549615,226.57442092895508,0.015974044799804688,0.0782012939453125,217.66352653503418,217.7417278289795,217.81325340270996,218.3549404144287
1759120516.4800918,1759120516.488942,418.8680648803711,0.02574920654296875,0.07987022399902344,209.37514305114746,209.45501327514648,209.71059799194336,405.41625022888184
1759120516.8990858,1759120516.9017384,450.52099227905273,0.02574920654296875,0.07843971252441406,213.03606033325195,213.11450004577637,213.3631706237793,408.649206161499
1759120517.349756,1759120517.351452,228.45983505249023,0.017642974853515625,0.08177757263183594,194.627046585083,194.70882415771484,194.78440284729004,226.41944885253906
1759120517.578391,1759120517.581974,208.53304862976074,0.017642974853515625,0.07843971252441406,179.0626049041748,179.14104461669922,179.20422554016113,179.7010898590088
1759120517.7925675,1759120517.9838073,389.01638984680176,0.10061264038085938,0.06866455078125,174.119234085083,174.18789863586426,174.37243461608887,382.38048553466797
1759120518.1817272,1759120518.183234,202.50201225280762,0.016450881958007812,0.07891654968261719,199.9657154083252,200.0446319580078,200.11138916015625,200.61254501342773
1759120518.384387,1759120518.385921,224.1191864013672,0.016450881958007812,0.07843971252441406,212.7089500427246,212.78738975524902,212.85200119018555,213.36627006530762
1759120518.6086535,1759120518.6290002,254.3051242828369,0.016450881958007812,0.0782012939453125,206.10880851745605,206.18700981140137,206.2530517578125,206.74800872802734
1759120518.8631012,1759120518.8645477,204.05077934265137,0.016927719116210938,0.0782012939453125,177.55699157714844,177.63519287109375,177.69718170166016,202.2266387939453
1759120519.0672927,1759120519.0687592,223.30021858215332,0.016450881958007812,0.08058547973632812,197.11017608642578,197.1907615661621,197.25418090820312,197.74580001831055
1759120519.290865,1759120519.294117,227.28776931762695,0.01621246337890625,0.07891654968261719,190.97208976745605,191.05100631713867,191.1144256591797,223.6344814300537
1759120519.518296,1759120519.519781,201.6589641571045,0.016689300537109375,0.07748603820800781,175.69613456726074,175.77362060546875,175.83608627319336,176.3167381286621
1759120519.7200966,1759120519.721558,201.34854316711426,0.017881393432617188,0.07843971252441406,198.85706901550293,198.93550872802734,198.99940490722656,199.50270652770996
1759120519.9215856,1759120519.9240928,200.35147666931152,0.01621246337890625,0.0762939453125,189.7132396697998,189.7895336151123,189.849853515625,190.35887718200684
1759120520.122081,1759120520.127065,225.42929649353027,0.01621246337890625,0.07748603820800781,209.89704132080078,209.9745273590088,210.0358009338379,210.54387092590332
1759120520.3476672,1759120520.3509624,213.20390701293945,0.017642974853515625,0.07605552673339844,208.88972282409668,208.96577835083008,209.0291976928711,209.5170021057129
1759120520.5611353,1759120520.5698998,193.79186630249023,0.016689300537109375,0.07891654968261719,184.01503562927246,184.09395217895508,184.15403366088867,184.64946746826172
1759120520.7550657,1759120520.7565181,217.5309658050537,0.01621246337890625,0.07915496826171875,187.64567375183105,187.72482872009277,187.78729438781738,188.29679489135742
1759120520.9727402,1759120520.97466,213.98186683654785,0.01811981201171875,0.07677078247070312,178.1601905822754,178.2369613647461,178.2991886138916,178.91263961791992
1759120521.1868143,1759120521.1883857,252.49576568603516,0.016450881958007812,0.07653236389160156,249.59993362426758,249.67646598815918,249.7715950012207,250.46944618225098
1759120521.439471,1759120521.4412527,231.31728172302246,0.01811981201171875,0.10752677917480469,224.7788906097412,224.88641738891602,224.95102882385254,225.5876064300537
1759120521.6709328,1759120521.6739666,202.99768447875977,0.0152587890625,0.07677078247070312,198.87828826904297,198.95505905151367,199.01800155639648,199.5258331298828
1759120521.8740752,1759120521.8755846,217.53549575805664,0.017642974853515625,0.0820159912109375,210.77728271484375,210.8592987060547,210.94870567321777,211.64631843566895
1759120522.0917544,1759120522.0934393,236.03463172912598,0.02002716064453125,0.110626220703125,232.32626914978027,232.4368953704834,232.50412940979004,233.14642906188965
1759120522.329448,1759120522.3434799,232.5277328491211,0.020265579223632812,0.07867813110351562,202.7595043182373,202.83818244934082,202.92091369628906,209.40208435058594
1759120522.5621173,1759120522.5636578,223.1910228729248,0.015735626220703125,0.07748603820800781,184.48376655578613,184.56125259399414,184.62181091308594,221.2996482849121
1759120522.785467,1759120522.7869809,223.01077842712402,0.015497207641601562,0.07796287536621094,220.48139572143555,220.55935859680176,220.6251621246338,221.13490104675293
1759120523.0087428,1759120523.0119696,210.37673950195312,0.0171661376953125,0.07748603820800781,206.12812042236328,206.2056064605713,206.2699794769287,206.77638053894043
1759120523.219258,1759120523.2207654,185.44387817382812,0.017404556274414062,0.07605552673339844,172.84607887268066,172.92213439941406,172.97601699829102,173.57397079467773
1759120523.4048412,1759120523.4062774,214.34736251831055,0.016689300537109375,0.091552734375,177.85048484802246,177.94203758239746,178.00235748291016,212.51964569091797
1759120523.619326,1759120523.6208596,244.60244178771973,0.016689300537109375,0.07891654968261719,238.76214027404785,238.84105682373047,238.9070987701416,239.41588401794434
1759120523.8640666,1759120523.8655927,229.5238971710205,0.01621246337890625,0.08320808410644531,226.9289493560791,227.01215744018555,227.07438468933105,227.6308536529541
1759120524.0937297,1759120524.1028981,223.21128845214844,0.016689300537109375,0.07581710815429688,204.93149757385254,205.00731468200684,205.07097244262695,205.55734634399414
1759120524.3170822,1759120524.3185594,193.7699317932129,0.01621246337890625,0.07796287536621094,191.24531745910645,191.32328033447266,191.38312339782715,191.9388771057129
1759120524.5109937,1759120524.5124683,192.93761253356934,0.016927719116210938,0.07915496826171875,186.4027976989746,186.48195266723633,186.54704093933105,187.05344200134277
1759120524.7040715,1759120524.7055166,215.33679962158203,0.016927719116210938,0.08034706115722656,178.6186695098877,178.69901657104492,178.76005172729492,205.3048610687256
1759120524.9195528,1759120525.4215362,709.0766429901123,0.21028518676757812,0.06937980651855469,192.95310974121094,193.0224895477295,193.3574676513672,696.1815357208252
1759120525.6294696,1759120525.8243418,405.872106552124,0.10991096496582031,0.07176399230957031,194.9331760406494,195.00494003295898,195.19448280334473,395.82276344299316
1759120526.0355022,1759120526.0369437,219.6497917175293,0.016927719116210938,0.07700920104980469,192.0156478881836,192.0926570892334,192.14892387390137,192.6422119140625
1759120526.2552538,1759120526.256838,223.91271591186523,0.017404556274414062,0.07772445678710938,219.17390823364258,219.2516326904297,219.3148136138916,219.8045253753662
1759120526.4794888,1759120526.4830573,238.45934867858887,0.016927719116210938,0.07867813110351562,216.43447875976562,216.51315689086914,216.57085418701172,217.06676483154297
1759120526.719492,1759120526.7210486,230.2541732788086,0.0171661376953125,0.07748603820800781,227.51307487487793,227.59056091308594,227.66566276550293,228.20782661437988
1759120526.9500484,1759120526.9568663,471.5590476989746,0.028848648071289062,0.08916854858398438,181.5340518951416,181.6232204437256,181.90741539001465,455.3351402282715
1759120527.4217675,1759120527.4407074,256.4671039581299,0.019073486328125,0.08106231689453125,224.2872714996338,224.36833381652832,224.43556785583496,225.01826286315918
1759120527.6784017,1759120527.6799881,260.10584831237793,0.017404556274414062,0.08177757263183594,211.14087104797363,211.22264862060547,211.2877368927002,255.0959587097168
1759120527.9386568,1759120527.9401984,210.29281616210938,0.01811981201171875,0.08392333984375,203.04512977600098,203.12905311584473,203.20630073547363,203.7200927734375
1759120528.1490948,1759120528.1506803,234.41433906555176,0.016927719116210938,0.080108642578125,228.40476036071777,228.4848690032959,228.54876518249512,229.08973693847656
1759120528.3836577,1759120528.385142,218.26672554016113,0.0171661376953125,0.080108642578125,190.93823432922363,191.01834297180176,191.08080863952637,191.5910243988037
1759120528.6020656,1759120528.6053011,219.56515312194824,0.016927719116210938,0.09822845458984375,203.2778263092041,203.37605476379395,203.4435272216797,203.9346694946289
1759120528.8217719,1759120528.82618,247.50137329101562,0.016927719116210938,0.07987022399902344,242.05684661865234,242.13671684265137,242.2316074371338,242.74206161499023
1759120529.0695438,1759120529.0749812,219.20251846313477,0.015974044799804688,0.07700920104980469,198.7295150756836,198.8065242767334,198.8670825958252,199.3417739868164
1759120529.28889,1759120529.2904186,216.7072296142578,0.017404556274414062,0.07963180541992188,194.79131698608398,194.8709487915039,194.9295997619629,195.448637008667
1759120529.5074441,1759120529.510967,205.49511909484863,0.016689300537109375,0.07867813110351562,194.63801383972168,194.7166919708252,194.77057456970215,195.25504112243652
1759120529.7130806,1759120529.73043,205.47223091125488,0.0171661376953125,0.07772445678710938,187.11471557617188,187.19244003295898,187.2577667236328,203.58014106750488
1759120529.9186933,1759120529.9203422,196.74277305603027,0.031948089599609375,0.0762939453125,192.1982765197754,192.2745704650879,192.3518180847168,193.07589530944824
1759120530.1155827,1759120530.117021,192.3518180847168,0.015735626220703125,0.07748603820800781,184.21006202697754,184.28754806518555,184.35955047607422,184.84163284301758
1759120530.3080742,1759120530.3110585,202.51178741455078,0.0152587890625,0.07891654968261719,191.74909591674805,191.82801246643066,191.89190864562988,192.40140914916992
1759120530.5107286,1759120530.5122545,225.0194549560547,0.01621246337890625,0.08034706115722656,210.66904067993164,210.74938774108887,210.81137657165527,211.32826805114746
1759120530.7358947,1759120530.751694,246.55628204345703,0.020742416381835938,0.08678436279296875,229.70342636108398,229.79021072387695,229.8579216003418,238.8908863067627
1759120530.9825904,1759120530.984117,224.91693496704102,0.016689300537109375,0.07891654968261719,207.86595344543457,207.9448699951172,208.0090045928955,208.51373672485352
1759120531.2076,1759120531.2139523,224.1346836090088,0.016927719116210938,0.0762939453125,216.77255630493164,216.84885025024414,216.91060066223145,217.3912525177002
1759120531.4318748,1759120531.439865,256.71839714050293,0.017404556274414062,0.07724761962890625,215.06166458129883,215.13891220092773,215.20280838012695,215.6822681427002
1759120531.688736,1759120531.690252,237.27011680603027,0.016689300537109375,0.07867813110351562,234.73167419433594,234.81035232543945,234.877347946167,235.37302017211914
1759120531.9261007,1759120531.9276273,235.83650588989258,0.015974044799804688,0.07724761962890625,229.61187362670898,229.6891212463379,229.75945472717285,230.27491569519043
1759120532.16203,1759120532.1635802,252.4702548980713,0.016689300537109375,0.07939338684082031,249.89652633666992,249.97591972351074,250.04315376281738,250.55289268493652
1759120532.4146435,1759120532.4161792,218.0185317993164,0.015974044799804688,0.07724761962890625,215.46292304992676,215.54017066955566,215.60192108154297,216.09926223754883
1759120532.632803,1759120532.634287,194.13185119628906,0.015974044799804688,0.09560585021972656,188.29798698425293,188.39359283447266,188.45272064208984,188.94529342651367
1759120532.8270748,1759120532.8285184,194.92197036743164,0.016450881958007812,0.07772445678710938,184.03911590576172,184.11684036254883,184.17859077453613,184.67283248901367
1759120533.0221374,1759120533.0249722,193.8769817352295,0.016450881958007812,0.08177757263183594,190.0155544281006,190.09733200073242,190.15741348266602,190.66739082336426
1759120533.2161524,1759120533.2199574,228.1494140625,0.015974044799804688,0.0782012939453125,223.34933280944824,223.42753410339355,223.49143028259277,223.97661209106445
1759120533.4444578,1759120533.445971,220.83806991577148,0.01621246337890625,0.07724761962890625,218.3372974395752,218.4145450592041,218.4770107269287,218.9774513244629
1759120533.665451,1759120533.6669397,228.03854942321777,0.015974044799804688,0.07653236389160156,218.31130981445312,218.38784217834473,218.46675872802734,218.96028518676758
1759120533.8936317,1759120533.8951356,239.67552185058594,0.01621246337890625,0.07700920104980469,237.1659278869629,237.2429370880127,237.3058795928955,237.8072738647461
1759120534.1334677,1759120534.1349192,215.16776084899902,0.01621246337890625,0.0782012939453125,202.59833335876465,202.67653465270996,202.73756980895996,203.2332420349121
1759120534.3487768,1759120534.3681293,262.3026371002197,0.015974044799804688,0.07891654968261719,206.11119270324707,206.1901092529297,242.0327663421631,242.55657196044922
1759120534.6112227,1759120534.6127777,218.36328506469727,0.015020370483398438,0.07796287536621094,206.84361457824707,206.92157745361328,206.98189735412598,207.49330520629883
1759120534.829854,1759120534.834165,203.64880561828613,0.015974044799804688,0.07939338684082031,158.70976448059082,158.78915786743164,158.84900093078613,159.35754776000977
1759120535.033646,1759120535.035083,207.5045108795166,0.0171661376953125,0.08058547973632812,201.66683197021484,201.74741744995117,201.8117904663086,202.3017406463623
1759120535.2412462,1759120535.249871,225.19254684448242,0.016927719116210938,0.07653236389160156,171.8614101409912,171.9379425048828,172.00040817260742,172.4843978881836
1759120535.4665859,1759120535.6521904,392.69018173217773,0.10132789611816406,0.08130073547363281,188.88449668884277,188.9657974243164,189.15104866027832,386.5993022918701
1759120535.8594306,1759120535.8608534,228.51848602294922,0.016927719116210938,0.0782012939453125,197.42655754089355,197.50475883483887,197.56698608398438,198.05216789245605
1759120536.088095,1759120536.0895913,217.926025390625,0.015974044799804688,0.07843971252441406,215.41261672973633,215.49105644226074,215.55066108703613,216.05849266052246
1759120536.3061638,1759120536.323883,240.33880233764648,0.015735626220703125,0.07915496826171875,219.5577621459961,219.6369171142578,219.70081329345703,220.2150821685791
1759120536.5466516,1759120536.5592654,460.8173370361328,0.026226043701171875,19.419431686401367,185.164213180542,204.58364486694336,204.85568046569824,422.25146293640137
1759120537.009953,1759120537.0127275,345.5185890197754,0.029087066650390625,0.08177757263183594,177.89196968078613,177.97374725341797,178.2381534576416,341.9921398162842
1759120537.355619,1759120537.363894,173.2642650604248,0.016927719116210938,0.08082389831542969,160.86101531982422,160.94183921813965,161.00740432739258,161.50712966918945
1759120537.5290298,1759120537.5339909,163.41209411621094,0.017404556274414062,0.08296966552734375,152.82893180847168,152.91190147399902,152.96649932861328,153.46670150756836
1759120537.693031,1759120537.6956809,360.02206802368164,0.027418136596679688,0.08082389831542969,150.15268325805664,150.23350715637207,150.4967212677002,352.2660732269287
1759120538.0532005,1759120538.0618916,192.86584854125977,0.016689300537109375,0.07605552673339844,175.4443645477295,175.5204200744629,175.57477951049805,176.09143257141113
1759120538.2462087,1759120538.2485006,172.52111434936523,0.01811981201171875,0.08034706115722656,169.19994354248047,169.2802906036377,169.3434715270996,169.89898681640625
1759120538.4188719,1759120538.4203079,194.65160369873047,0.016450881958007812,0.09703636169433594,156.88204765319824,156.97908401489258,157.0441722869873,192.8408145904541
1759120538.6136649,1759120538.615106,211.92240715026855,0.0171661376953125,0.07677078247070312,204.59294319152832,204.66971397399902,204.73241806030273,205.2152156829834
1759120538.8257332,1759120538.8428812,232.9885959625244,0.018596649169921875,0.07534027099609375,207.08179473876953,207.15713500976562,207.22246170043945,207.71431922912598
1759120539.0588644,1759120539.075228,230.1487922668457,0.016450881958007812,0.07677078247070312,199.83696937561035,199.91374015808105,199.97787475585938,204.31947708129883
1759120539.289157,1759120539.2906046,191.7724609375,0.016689300537109375,0.07915496826171875,176.04660987854004,176.12576484680176,176.18536949157715,176.6810417175293
1759120539.4810693,1759120539.4927096,227.97322273254395,0.016689300537109375,0.0762939453125,165.2998924255371,165.3761863708496,165.43960571289062,176.0721206665039
1759120539.709182,1759120539.7107003,232.1476936340332,0.016450881958007812,0.07867813110351562,229.62355613708496,229.70223426818848,229.7656536102295,230.28326034545898
1759120539.9414842,1759120539.9430044,226.4542579650879,0.016927719116210938,0.07724761962890625,198.3640193939209,198.4412670135498,198.50564002990723,199.01180267333984
1759120540.168033,1759120540.169525,215.25216102600098,0.017642974853515625,0.08034706115722656,204.32734489440918,204.4076919555664,204.47421073913574,205.0151824951172
1759120540.3855069,1759120540.4010785,229.996919631958,0.016450881958007812,0.07748603820800781,202.805757522583,202.88324356079102,202.93760299682617,206.72917366027832
1759120540.615651,1759120540.6170835,172.28174209594727,0.016689300537109375,0.07796287536621094,144.69337463378906,144.77133750915527,144.83165740966797,145.3099250793457
1759120540.788026,1759120540.7896848,186.75708770751953,0.015735626220703125,0.07987022399902344,182.6469898223877,182.72686004638672,182.79004096984863,183.3016872406006
1759120540.9749267,1759120540.9790275,216.51363372802734,0.016689300537109375,0.0762939453125,173.43735694885254,173.51365089416504,173.5682487487793,174.0427017211914
1759120541.1915364,1759120541.192998,215.2409553527832,0.017642974853515625,0.07534027099609375,212.77189254760742,212.84723281860352,212.91112899780273,213.39130401611328
1759120541.4069183,1759120541.410975,208.07814598083496,0.016927719116210938,0.07605552673339844,180.56964874267578,180.64570426940918,180.71222305297852,181.20265007019043
1759120541.615137,1759120541.6165853,226.3648509979248,0.016450881958007812,0.07867813110351562,221.2657928466797,221.3444709777832,221.405029296875,221.90260887145996
1759120541.8416486,1759120541.843075,219.85507011413574,0.01621246337890625,0.07891654968261719,217.2245979309082,217.30351448059082,217.38052368164062,217.90528297424316
1759120542.0616646,1759120542.08395,252.52771377563477,0.019073486328125,0.08559226989746094,192.02566146850586,192.11125373840332,192.1827793121338,229.827880859375
1759120542.3143394,1759120542.3159568,205.67822456359863,0.019073486328125,0.08153915405273438,195.8789825439453,195.96052169799805,196.02179527282715,196.56062126159668
1759120542.5201652,1759120542.5216377,207.8266143798828,0.017642974853515625,0.07987022399902344,200.73914527893066,200.8190155029297,200.8814811706543,201.3857364654541
1759120542.7281346,1759120542.7327518,250.51283836364746,0.016689300537109375,0.07653236389160156,215.03853797912598,215.11507034301758,215.1777744293213,215.681791305542
1759120542.9787903,1759120542.9802477,193.71581077575684,0.017642974853515625,0.07915496826171875,187.99567222595215,188.07482719421387,188.1413459777832,188.6308193206787
1759120543.1726527,1759120543.1740947,208.93597602844238,0.016927719116210938,0.07915496826171875,200.1051902770996,200.18434524536133,200.24657249450684,200.75106620788574
1759120543.3817346,1759120543.3832834,231.20379447937012,0.016689300537109375,0.0934600830078125,215.071439743042,215.1648998260498,215.2271270751953,215.74091911315918
1759120543.61308,1759120543.6175184,223.96183013916016,0.0171661376953125,0.07891654968261719,218.1415557861328,218.22047233581543,218.28341484069824,218.78647804260254
1759120543.8374166,1759120543.8439047,226.86505317687988,0.017642974853515625,0.13184547424316406,217.19956398010254,217.3314094543457,217.39578247070312,217.93174743652344
1759120544.064477,1759120544.067063,214.75577354431152,0.017404556274414062,0.08106231689453125,207.58605003356934,207.66711235046387,207.7310085296631,208.2235813140869
1759120544.279506,1759120544.2878647,231.39166831970215,0.016450881958007812,0.0782012939453125,218.50013732910156,218.57833862304688,218.6422348022461,224.02215003967285
1759120544.5152774,1759120544.5250065,204.61297035217285,0.017642974853515625,0.0782012939453125,191.90740585327148,191.9856071472168,192.05141067504883,192.5368309020996
1759120544.7200317,1759120544.72505,212.40568161010742,0.015974044799804688,0.0762939453125,204.47587966918945,204.55217361450195,204.61487770080566,205.11746406555176
1759120544.9325864,1759120544.9406953,231.37831687927246,0.0171661376953125,0.07796287536621094,218.37806701660156,218.45602989196777,218.5218334197998,219.0241813659668
1759120545.1641066,1759120545.169106,213.4115695953369,0.016450881958007812,0.07963180541992188,205.54041862487793,205.62005043029785,205.6732177734375,206.17365837097168
1759120545.3776617,1759120545.3790715,226.86457633972168,0.016927719116210938,0.07748603820800781,216.3400650024414,216.4175510406494,216.47286415100098,216.97640419006348
1759120545.6046712,1759120545.6061182,209.06996726989746,0.016689300537109375,0.08034706115722656,200.5620002746582,200.64234733581543,200.70505142211914,201.22671127319336
1759120545.813882,1759120546.0483823,450.62971115112305,0.12683868408203125,0.0743865966796875,177.48188972473145,177.55627632141113,177.7644157409668,440.502405166626
1759120546.2646635,1759120546.2661257,213.2701873779297,0.01621246337890625,0.10704994201660156,206.81405067443848,206.92110061645508,206.9849967956543,207.46588706970215
1759120546.4780777,1759120546.4829671,193.50862503051758,0.016689300537109375,0.07891654968261719,173.77495765686035,173.85387420654297,173.90966415405273,174.3905544281006
1759120546.6717317,1759120546.6732428,213.1333351135254,0.01621246337890625,0.07772445678710938,195.9371566772461,196.0148811340332,196.08044624328613,211.26151084899902
1759120546.8850057,1759120546.8864498,192.14630126953125,0.0171661376953125,0.0762939453125,189.7106170654297,189.7869110107422,189.8500919342041,190.34457206726074
1759120547.077244,1759120547.0787401,206.6946029663086,0.016450881958007812,0.07939338684082031,173.8133430480957,173.89273643493652,173.9482879638672,174.44348335266113
1759120547.2840796,1759120547.288028,219.3610668182373,0.015735626220703125,0.07724761962890625,209.56802368164062,209.64527130126953,209.70940589904785,210.22415161132812
1759120547.503592,1759120547.516992,228.33871841430664,0.016689300537109375,0.08368492126464844,177.7801513671875,177.86383628845215,177.92749404907227,178.40266227722168
1759120547.732072,1759120547.733519,196.852445602417,0.0171661376953125,0.0782012939453125,190.23776054382324,190.31596183776855,190.37246704101562,190.86813926696777
1759120547.9290662,1759120547.9340537,222.98097610473633,0.016450881958007812,0.08392333984375,216.95542335510254,217.0393466949463,217.1032428741455,217.6358699798584
1759120548.1521869,1759120548.1536963,202.85844802856445,0.016689300537109375,0.07605552673339844,190.76013565063477,190.83619117736816,190.9010410308838,191.40911102294922
1759120548.3552167,1759120548.358957,205.28554916381836,0.016689300537109375,0.07748603820800781,165.67015647888184,165.74764251708984,165.80986976623535,166.3186550140381
1759120548.5606477,1759120548.562078,170.0153350830078,0.0171661376953125,0.0782012939453125,167.5887107849121,167.66691207885742,167.72222518920898,168.20764541625977
1759120548.730753,1759120548.732197,186.68580055236816,0.016927719116210938,0.07987022399902344,176.02205276489258,176.1019229888916,176.15675926208496,176.6502857208252
1759120548.9175885,1759120548.9190555,214.94483947753906,0.01621246337890625,0.0782012939453125,212.45241165161133,212.53061294555664,212.59498596191406,213.11521530151367
1759120549.1327958,1759120549.137868,217.97466278076172,0.01621246337890625,0.07534027099609375,201.77149772644043,201.84683799743652,201.90882682800293,202.39973068237305
1759120549.350912,1759120549.3570561,226.0146141052246,0.016450881958007812,0.07510185241699219,212.0506763458252,212.1257781982422,212.1880054473877,212.69655227661133
1759120549.5770688,1759120549.5785117,214.43438529968262,0.016689300537109375,0.07796287536621094,206.39586448669434,206.47382736206055,206.53033256530762,207.02362060546875
1759120549.79165,1759120549.793101,190.27233123779297,0.01621246337890625,0.07987022399902344,183.84385108947754,183.92372131347656,183.98761749267578,184.47065353393555
1759120549.9820633,1759120549.9835145,198.50897789001465,0.019550323486328125,0.07724761962890625,186.2339973449707,186.3112449645996,186.3691806793213,186.87176704406738
1759120550.1807234,1759120550.1847706,197.60942459106445,0.0171661376953125,0.07843971252441406,192.54708290100098,192.6255226135254,192.6894187927246,193.18199157714844
1759120550.3784847,1759120550.3958745,229.44164276123047,0.016450881958007812,0.07724761962890625,203.9656639099121,204.04291152954102,204.10466194152832,204.5912742614746
1759120550.6080668,1759120550.6107495,200.97708702087402,0.015974044799804688,0.07748603820800781,163.25783729553223,163.33532333374023,163.39826583862305,163.88940811157227
1759120550.80931,1759120550.813069,240.3116226196289,0.016450881958007812,0.07867813110351562,203.43685150146484,203.51552963256836,203.6302089691162,204.30898666381836
1759120551.0497649,1759120551.0529587,232.18846321105957,0.0171661376953125,0.07891654968261719,185.06741523742676,185.14633178710938,185.2092742919922,185.70280075073242
1759120551.2820935,1759120551.2836242,234.86018180847168,0.01621246337890625,0.0782012939453125,228.4414768218994,228.51967811584473,228.58357429504395,229.10428047180176
1759120551.518506,1759120551.5402315,268.2514190673828,0.019311904907226562,0.07700920104980469,245.35799026489258,245.43499946594238,245.51033973693848,259.0603828430176
1759120551.786859,1759120551.7900918,209.60569381713867,0.017642974853515625,0.08320808410644531,181.88881874084473,181.97202682495117,182.03091621398926,182.53517150878906
1759120551.9966118,1759120551.9980686,233.90650749206543,0.0171661376953125,0.07891654968261719,226.6066074371338,226.6855239868164,226.80354118347168,227.5068759918213
1759120552.230665,1759120552.2321296,237.12491989135742,0.016689300537109375,0.07963180541992188,230.90243339538574,230.98206520080566,231.0502529144287,231.5387725830078
1759120552.4679341,1759120552.4780004,244.64082717895508,0.016689300537109375,0.08153915405273438,227.1280288696289,227.20956802368164,227.27346420288086,229.9330234527588
1759120552.7127175,1759120552.717003,227.20575332641602,0.01621246337890625,0.07867813110351562,221.4815616607666,221.56023979187012,221.67444229125977,222.3646640777588
1759120552.940064,1759120553.1715977,448.4541416168213,0.39505958557128906,0.0820159912109375,211.12728118896484,211.20929718017578,212.94808387756348,443.45998764038086
1759120553.3886738,1759120553.4246976,250.9288787841797,0.0209808349609375,0.0782012939453125,196.20084762573242,196.27904891967773,196.34127616882324,229.13384437561035
1759120553.639753,1759120553.6538692,231.42004013061523,0.017642974853515625,0.07772445678710938,216.2783145904541,216.3560390472412,216.42518043518066,216.9177532196045
1759120553.8713157,1759120553.8840306,251.27291679382324,0.017404556274414062,0.07700920104980469,211.81559562683105,211.89260482788086,211.9581699371338,212.47506141662598
1759120554.1227386,1759120554.124268,228.61671447753906,0.016927719116210938,0.0934600830078125,226.05013847351074,226.14359855651855,226.2129783630371,226.71246528625488
1759120554.3515143,1759120554.3680484,223.42371940612793,0.016927719116210938,0.0782012939453125,204.56981658935547,204.64801788330078,204.7133445739746,205.19638061523438
1759120554.5750802,1759120554.5800297,245.4235553741455,0.01621246337890625,0.07510185241699219,206.18343353271484,206.25853538513184,206.32576942443848,239.29119110107422
1759120554.8206518,1759120554.8248253,214.30134773254395,0.016689300537109375,0.080108642578125,209.1202735900879,209.20038223266602,209.26141738891602,209.75351333618164
1759120555.0364935,1759120555.0380127,236.4943027496338,0.015974044799804688,0.08535385131835938,216.12930297851562,216.21465682983398,216.2771224975586,225.84795951843262
1759120555.2731295,1759120555.274608,213.3767604827881,0.017404556274414062,0.07653236389160156,209.21564102172852,209.29217338562012,209.3505859375,209.85674858093262
1759120555.4866529,1759120555.4880812,220.5352783203125,0.016689300537109375,0.07772445678710938,192.07477569580078,192.1525001525879,192.20924377441406,218.72615814208984
1759120555.707333,1759120555.7087796,213.6056423187256,0.015974044799804688,0.08106231689453125,207.71503448486328,207.7960968017578,207.85832405090332,208.3454132080078
1759120555.9210799,1759120555.9226813,247.88188934326172,0.016450881958007812,0.07987022399902344,221.14872932434082,221.22859954833984,221.29368782043457,221.8008041381836
1759120556.169106,1759120556.17066,219.33484077453613,0.015735626220703125,0.09441375732421875,202.5766372680664,202.67105102539062,202.7418613433838,203.26828956604004
1759120556.3885927,1759120556.39005,225.56781768798828,0.0171661376953125,0.07939338684082031,200.0746726989746,200.15406608581543,200.2091407775879,223.73533248901367
1759120556.614301,1759120556.615744,192.1401023864746,0.016450881958007812,0.08082389831542969,180.18364906311035,180.26447296142578,180.3302764892578,180.8159351348877
1759120556.8065996,1759120556.808035,212.03970909118652,0.0171661376953125,0.07867813110351562,209.36870574951172,209.44738388061523,209.52677726745605,210.07990837097168
1759120557.0187986,1759120557.028637,255.48720359802246,0.018835067749023438,0.08344650268554688,244.50922012329102,244.59266662597656,244.67015266418457,245.23520469665527
1759120557.2744145,1759120557.2801013,225.03328323364258,0.017881393432617188,0.0820159912109375,218.27173233032227,218.3537483215332,218.42241287231445,218.96076202392578
1759120557.499727,1759120557.5159826,224.3039608001709,0.017881393432617188,0.08273124694824219,207.00764656066895,207.0903778076172,207.14998245239258,207.64899253845215
1759120557.7241764,1759120557.728904,199.3885040283203,0.017404556274414062,0.08225440979003906,190.9339427947998,191.01619720458984,191.08271598815918,191.59317016601562
1759120557.9254882,1759120557.9270222,223.80757331848145,0.016927719116210938,0.07915496826171875,221.26460075378418,221.3437557220459,221.4052677154541,221.92001342773438
1759120558.1495721,1759120558.160439,450.1762390136719,0.03838539123535156,0.0782012939453125,224.87592697143555,224.95412826538086,225.0661849975586,227.89835929870605
1759120558.599897,1759120558.6013913,237.28179931640625,0.017642974853515625,0.08368492126464844,234.74431037902832,234.82799530029297,234.88450050354004,235.42213439941406
1759120558.8372726,1759120558.838808,243.3466911315918,0.016927719116210938,0.08177757263183594,231.07457160949707,231.1563491821289,231.27007484436035,232.02848434448242
1759120559.0807629,1759120559.0822842,223.1767177581787,0.015974044799804688,0.08797645568847656,216.5672779083252,216.65525436401367,216.7069911956787,217.19622611999512
1759120559.3040354,1759120559.3492868,266.24059677124023,0.019788742065429688,0.09131431579589844,214.27345275878906,214.36476707458496,214.43963050842285,244.70829963684082
1759120559.5704374,1759120559.5718865,205.15012741088867,0.015974044799804688,0.07939338684082031,199.31554794311523,199.39494132995605,199.45788383483887,199.95713233947754
1759120559.775739,1759120559.7773092,217.58770942687988,0.016689300537109375,17.106056213378906,187.88671493530273,204.99277114868164,205.0633430480957,205.56902885437012
1759120559.9934847,1759120559.9949188,188.05813789367676,0.0171661376953125,0.07987022399902344,178.71785163879395,178.79772186279297,178.86090278625488,179.3513298034668
1759120560.181639,1759120560.184802,201.9026279449463,0.0171661376953125,0.07772445678710938,190.95683097839355,191.03455543518066,191.1003589630127,191.58434867858887
1759120560.383685,1759120560.385185,241.81604385375977,0.016927719116210938,0.0762939453125,211.83156967163086,211.90786361694336,211.97032928466797,212.46767044067383
1759120560.625647,1759120560.62709,224.60389137268066,0.016927719116210938,0.07724761962890625,222.1388816833496,222.21612930297852,222.2900390625,222.76735305786133
1759120560.850409,1759120560.8529582,216.11714363098145,0.016927719116210938,0.07748603820800781,182.6496124267578,182.72709846496582,182.79004096984863,183.2723617553711
1759120561.066666,1759120561.0681133,190.2639865875244,0.016450881958007812,0.07987022399902344,184.0524673461914,184.13233757019043,184.19408798217773,184.69834327697754
1759120561.257072,1759120561.2585235,205.37161827087402,0.016927719116210938,0.08320808410644531,200.4408836364746,200.52409172058105,200.58894157409668,201.0815143585205
1759120561.4626079,1759120561.4642093,188.3985996246338,0.016689300537109375,0.12564659118652344,184.584379196167,184.71002578735352,184.77582931518555,185.3201389312744
1759120561.6511471,1759120561.6525805,194.05245780944824,0.0171661376953125,0.080108642578125,180.69982528686523,180.77993392944336,180.84406852722168,181.351900100708
1759120561.845332,1759120561.848037,422.2145080566406,0.026226043701171875,0.07867813110351562,212.55803108215332,212.63670921325684,212.91255950927734,413.80906105041504
1759120562.2681746,1759120562.273493,358.40821266174316,0.0286102294921875,0.07748603820800781,159.9903106689453,160.06779670715332,160.3372097015381,325.91962814331055
1759120562.6267312,1759120562.635623,194.21839714050293,0.0171661376953125,0.07605552673339844,178.97391319274902,179.04996871948242,179.11839485168457,183.77184867858887
1759120562.8210905,1759120562.825065,206.72988891601562,0.016927719116210938,0.07796287536621094,192.52371788024902,192.60168075561523,192.66343116760254,193.14956665039062
1759120563.028108,1759120563.2412565,460.8309268951416,44.15154457092285,0.08249282836914062,198.28128814697266,198.3637809753418,242.62285232543945,446.5606212615967
1759120563.489446,1759120563.4944293,417.0863628387451,0.027179718017578125,0.08320808410644531,175.67873001098633,175.76193809509277,176.03754997253418,388.0302906036377
1759120563.906684,1759120563.9111514,409.30843353271484,0.025272369384765625,0.08058547973632812,194.624662399292,194.70524787902832,194.95391845703125,403.7790298461914
1759120564.3161426,1759120564.3255982,229.0802001953125,0.015735626220703125,0.07843971252441406,210.27374267578125,210.35218238830566,210.40725708007812,210.94918251037598
1759120564.5463104,1759120564.7243464,411.47661209106445,0.11944770812988281,0.07319450378417969,203.2480239868164,203.3212184906006,203.5694122314453,389.4937038421631
1759120564.9580164,1759120565.1488326,417.0057773590088,0.10156631469726562,21.448612213134766,200.2389430999756,221.68755531311035,221.87066078186035,412.1270179748535
1759120565.3761463,1759120565.5750062,443.5100555419922,0.10275840759277344,0.07176399230957031,235.02445220947266,235.09621620178223,235.28122901916504,433.5062503814697
1759120565.819762,1759120565.8212616,233.19768905639648,0.015735626220703125,0.07557868957519531,223.58226776123047,223.65784645080566,223.71268272399902,224.18642044067383
1759120566.053112,1759120566.054649,243.83997917175293,0.016450881958007812,0.07557868957519531,236.8779182434082,236.9534969329834,237.01763153076172,237.5507354736328
1759120566.297099,1759120566.2999985,252.3636817932129,0.016689300537109375,0.08273124694824219,232.9885959625244,233.07132720947266,233.1852912902832,248.9149570465088
1759120566.5496125,1759120566.5510473,265.228271484375,0.016450881958007812,0.07796287536621094,249.6192455291748,249.69720840454102,249.77731704711914,250.33307075500488
